First Initial,Second Initial,Last Name
H,,AAB
R,,AARTSEN
B,P,ABBOTT
R,,ABBOTT
T,D,ABBOTT
Y,,ABBOTT
M,A,ABDALLA
A,G,ABE
P,,ABEYSEKARA
S,,ABHIRUPGHOSH
L,R,ABRAMO
A,,ABRAMOWSKI
P,,ABREU
F,,ACERNESE
F,,ACERO
M,,ACKERMANN
K,,ACKLEY
C,,ADAMS
J,,ADAMS
M,,ADAMS
T,,ADAMS
P,,ADDESSO
R,X,ADHIKARI
V,B,ADYA
C,,AFFELDT
M,,AFROUGH
B,,AGARWAL
M,,AGATHOS
K,,AGATSUMA
N,,AGGARWAL
M,,AGLIETTA
C,,AGLIOZZO
I,,AGUDO
O,D,AGUIAR
J,A,AGUILAR
F,,AHARONIAN
M,,AHLERS
M,,AHRENS
L,,AIELLO
A,,AIN
F,,AITBENKHALI
P,,AJITH
S,,AKRAS
A,,ALBERT
Y,X,ALBERT
M,,ALBUQUERQUE
J,M,ALBURY
J,S,ALCANIZ
G,,ALESSRONAVARRINI
K,D,ALEXER
R,,ALFARO
S,,ALLAM
I,,ALLEKOTTE
B,,ALLEN
G,,ALLEN
J,,ALLISON
J,R,ALLISON
A,,ALLOCCA
A,,ALMELA
I,,ALSAMARAI
P,A,ALTIN
D,,ALTMANN
C,,ALVAREZ
J,,ALVAREZ-MU˜NIZ
J,,ALVAREZCASTILLO
L,,AMATI
A,,AMATO
T,,AN
A,,ANANYEVA
G,A,ANASTASI
L,,ANCHORDOQUI
S,V,ANGELOVA
M,,ANGHINOLFI
C,R,ANGUS
E,O,ANG¨UNER
J,,ANNIS
I,,ANSSEAU
S,,ANTIER
G,,ANTON
L,A,ANTONELLI
G,C,ANUPAMA
K,,AOKI
W,,AOKI
S,,APPERT
R,L,APTEKAR
K,,ARAI
M,,ARAKAWA
C,,ARAMO
M,C,ARAYA
M,WHITINGI,ARCAVI
R,,ARCEO
S,,ARCHISMANGHOSH
J,S,AREEDA
G,,ARESU
A,,ARGAN
C,,ARG¨UELLES
N,,ARNAUD
M,,ARRIETA
N,,ARSENE
J,C,ARTEAGA-VEL´AZQUEZ
R,,ARTOLA
K,G,ARUN
A,W,ARUNAVAMUKHERJEE
Y,,ASAKURA
Y,,ASAOKA
S,,ASCENZI
C,,ASHALL
Y,,ASHLEY
G,,ASHTON
H,,ASOREY
P,,ASSIS
M,,AST
S,M,ASTON
P,,ASTONE
D,V,ATALLAH
W,B,ATWOOD
J,-J,AUBERT
P,,AUBERT
J,,AUFFENBERG
P,,AUFMUTH
C,,AULBERT
K,,AULTONEAL
C,,AUSTIN
T,,AVGITAS
G,,AVILA
A,,AVILA-ALVAREZ
D,,AVILAROJAS
S,,AXANI
H,A,AYALASOLARES
‡S,,BAAR
S,,BABAK
M,,BACHETTI
M,,BACKES
P,,BACON
P,,BADER
A,M,BADESCU
S,,BAE
H,,BAGHERPOUR
X,,BAI
M,,BAILES
P,T,BAKER
A,,BALACEANU
P,V,BALANUTSA
M,ZOLLA,BALASUBRAMANIAN
E,,BALBINOT
F,,BALDACCINI
L,,BALDINI
G,,BALLARDIN
S,W,BALLMER
J,,BALLY
A,,BALZER
S,,BANAGIRI
M,,BANERJI
K,W,BANNISTER
J,C,BARAYOGA
C,,BARBARINO
F,,BARBATO
A,S,BARBER
G,,BARBIELLINI
S,E,BARCLAY
B,,BARET
B,C,BARISH
D,,BARKER
K,,BARKETT
M,,BARNARD
J,,BARNES
F,,BARONE
B,,BARR
R,J,BARREIRALUZ
J,,BARRIOS-MART´I
J,P,BARRON
L,,BARSOTTI
M,,BARSUGLIA
D,,BARTA
J,D,BARTHELMY
S,D,BARTHELMY
J,,BARTLETT
I,,BARTOS
S,,BARWAY
S,W,BARWICK
S,,BASA
R,,BASSIRI
A,,BASTI
D,,BASTIERI
J,C,BATCH
F,E,BAUER
V,,BAUM
M,,BAWAJ
R,,BAY
J,C,BAYLEY
M,,BAZZAN
A,,BAZZANO
A,P,BEARDMORE
J,J,BEATTY
J,,BECERRAGONZALEZ
J,,BECERRAGONZ´ALEZ
A,,BECERRIL
Y,,BECHERINI
K,,BECHTOL
K,H,BECKER
J,,BECKERTJUS
C,,BEER
M,,BEJGER
I,,BELAHCENE
B,,BELHORMA
A,S,BELL
J,A,BELLIDO
E,,BELLM
E,,BELMONT-MORENO
S,,BENETTI
A,,BENOIT-L´EVY
S,,BENZVI
S,Y,BENZVI
C,,BERAT
B,,BERENJI
D,,BERGE
B,K,BERGER
C,ROJAS-BRAVOE,BERGER
G,,BERGMANN
D,,BERLEY
A,,BERNAL
E,,BERNARDINI
M,G,BERNARDINI
S,,BERNHARD
K,,BERNL¨OHR
J,J,BERO
M,,BEROIZ
J,J,BERRY
D,,BERSANETTI
M,E,BERTAINA
E,,BERTIN
V,,BERTIN
A,,BERTOLINI
M,,BERTON
X,,BERTOU
M,S,BESSELL
D,Z,BESSON
R,,BESWICK
J,,BETZWIESER
S,,BHAGWAT
V,,BHALERAO
R,,BHARE
D,,BHATTACHARYA
S,,BIAGI
P,L,BIERMANN
I,A,BILENKO
G,,BILLINGSLEY
C,R,BILLMAN
G,,BINDER
D,,BINDIG
J,,BIRCH
R,,BIRNEY
O,,BIRNHOLTZ
S,,BISCANS
S,,BISCOVEANU
A,,BISHT
E,,BISSALDI
J,,BITEAU
M,,BITOSSI
C,,BIWER
M,A,BIZOUARD
M,,BL
J,K,BLACKBURN
L,,BLACKBURN
J,,BLACKMAN
R,,BLACKWELL
S,G,BLAESS
N,,BLAGORODNOVA
C,D,BLAIR
D,G,BLAIR
R,M,BLAIR
P,,BLANCHARD
A,,BLANCO
E,,BLAUFUSS
J,,BLAZEK
C,,BLEVE
R,D,BLFORD
S,,BLOEMEN
E,D,BLOOM
S,,BLOT
R,,BOBJACOBS
O,,BOCK
N,,BODE
M,,BOER
G,,BOGAERT
A,,BOHE
C,,BOHM
M,,BOH´AˇCOV´A
C,,BOISSON
J,,BOLMONT
I,A,BOND
F,,BONDU
C,,BONIFAZI
E,,BONILLA
R,,BONINO
R,,BONN
S,,BONNEFOY
S,,BONOLI
T,,BOOLER
B,A,BOOM
P,,BORDAS
R,,BORK
R,,BORMUTH
N,,BORODAI
F,,BOS
V,,BOSCHI
D,,BOSE
S,,BOSE
K,,BOSSIE
O,,BOTNER
E,,BOTTACINI
A,M,BOTTI
M,T,BOTTICELLA
Y,,BOUFFANAIS
E,,BOURBEAU
J,,BOURBEAU
S,,BOURRET
M,C,BOUWHUIS
A,,BOZZI
E,,BOZZO
J,,BRACK
C,,BRADASCHIA
F,,BRADASCIO
P,R,BRADY
M,,BRANCHESI
I,,BRANCUS
J,E,BRAU
J,,BRAUN
L,,BRAYEUR
A,A,BREEVELD
J,,BREGEON
M,,BRENZKE
H,-P,BRETZ
T,,BRETZ
T,,BRIANT
A,,BRIDGEMAN
F,L,BRIECHLE
M,S,BRIGGS
A,,BRILLET
M,,BRINKMANN
C,,BRISBOIS
V,,BRISSON
E,,BROCATO
P,,BROCKILL
J,W,BRODERICK
J,E,BROIDA
S,,BRON
A,F,BROOKS
D,,BROOKS
J,,BROSTEAN-KAISER
D,,BROUT
D,A,BROWN
D,D,BROWN
I,S,BROWN
S,,BRT
MMA—LIGO-P-VR,,BRUIJN
F,,BRUN
P,,BRUN
S,,BRUNETT
J,,BRUNNER
S,H,BRUUN
M,,BRYAN
H,,BRˆANZAS¸
C,C,BUCHANAN
P,,BUCHHOLZ
S,,BUCKLEY
E,,BUCKLEY-GEER
N,M,BUDNEV
A,,BUENO
F,,BUFANO
F,,BUFFA
A,,BUIKEMA
S,,BUITINK
A,,BULGARELLI
J,,BULGER
T,,BULIK
M,,BULLA
H,J,BULTEN
A,,BUONANNO
M,,BURGAY
J,M,BURGESS
A,,BURGMAN
D,L,BURKE
E,,BURNS
D,N,BURROWS
M,,BUSCEMI
D,,BUSKULIC
S,,BUSON
J,,BUSTO
N,R,BUTLER
R,E,BUTLER
M,,BUTTU
C,,BUY
R,L,BYER
M,,B¨ORNER
S,,B¨OSER
M,,B¨OTTCHER
M,,B¨UCHELE
B,,B´ECSY
M,D,CABALLERO-GARC´IA
K,S,CABALLERO-MORA
M,,CABERO
J,,CABRAL
L,,CACCIANIGA
L,,CADONATI
G,,CAGNOLI
C,,CAHILLANE
J,,CALDER´ONBUSTILLO
T,A,CALLISTER
E,,CALLONI
W,,CALTECH-NRAO
R,A,CAMERON
O,,CAMILO
J,B,CAMP
S,,CAMPANA
R,,CAMUCCIO
A,,CANCIO
M,,CANEPA
F,,CANFORA
P,,CANIZARES
C,,CANNELLA
G,,CANNIZZARO
K,C,CANNON
Z,,CANO
H,,CAO
J,,CAO
X,L,CAO
M,,CAPACCIOLI
C,D,CAPANO
M,,CAPASSO
T,,CAPISTR´AN
E,,CAPOCASA
A,,CAPONE
D,,CAPOZZI
E,,CAPPELLARO
R,,CAPUTO
L,,CARAMETE
P,,CARAVEO
P,A,CARAVEO
F,,CARBOGNANI
G,,CARBONI
M,,CARDILLO
T,,CARIA
S,,CARIDE
J,L,CARLIN
G,,CARLOMIGONI
A,,CARNEROROSELL
M,F,CARNEY
S,,CAROFF
A,,CAROSI
J,,CARR
A,,CARRAMI˜NANA
M,,CARRASCOKIND
E,,CARRETTI
R,,CARTIER
R,,CARUSO
T,,CARVER
C,,CASADIO
S,,CASANOVA
J,,CASANUEVADIAZ
V,,CASASOLA
P,,CASELLA
C,,CASENTINI
J,,CASEY
M,,CASIER
P,,CASTANGIA
A,,CASTELLINA
A,,CASTELL´ON
F,J,CASTER
M,,CASTILLO
M,,CASTRO-TIRADO
J,M,CASTROCER´ON
S,,CASU
F,,CATALANI
G,,CATALDI
P,W,CATTANEO
S,,CAUDILL
M,,CAVAGLI`A
F,,CAVALIER
R,,CAVALIERI
E,,CAVAZZUTI
L,,CAZON
G,,CELLA
S,,CELLI
S,B,CENKO
C,B,CEPEDA
P,,CERD´A-DUR´AN
G,,CERRETANI
M,,CERRUTI
E,,CESARINI
V,,CHABUSHYAN
N,,CHAKRABORTY
S,J,CHAMBERLIN
TTU-NRAONUSTARCOLLABORATIONS)K,C,CHAMBERS
M,,CHAN
S,-W,CHANG
Z,,CHANG
S,,CHAO
P,,CHARLTON
E,,CHASE
E,,CHASSE-MOTTIN
D,,CHATTERJEE
K,,CHATZIIOANNOU
N,,CHAVES
A,G,CHAVEZ
B,D,CHEESEBORO
A,,CHEKHTMAN
A,,CHEN
G,,CHEN
H,Y,CHEN
L,,CHEN
T,X,CHEN
X,,CHEN
Y,,CHEN
Y,B,CHEN
Y,P,CHEN
Ł,,CHEN
J,,CHENEVEZ
H,-P,CHENG
R,,CHERKAOUIELMOURSLI
M,L,CHERRY
C,C,CHEUNG
E,,CHEUNG
J,,CHEVALIER
H,,CHIA
J,,CHIANG
T,,CHIARUSI
A,,CHINCARINI
J,A,CHINELLATO
D,,CHIRKIN
A,,CHIUMMO
T,,CHMIEL
H,S,CHO
M,,CHO
C,,CHOI
R,,CHORNOCK
J,H,CHOW
P,,CHRA
N,,CHRISTENSEN
A,,CHRISTOV
Q,,CHU
Q,,CHUA
S,,CHUA
J,,CHUDOBA
S,,CHUNG
N,,CHUNGLEEKIM
G,,CIANI
A,,CIKOTA
R,,CIOLFI
S,,CIPRINI
M,,CIRCELLA
C,E,CIRELLI
A,,CIRONE
F,,CLARA
J,A,CLARK
K,,CLARK
P,,CLARK
T,E,CLARKE
L,,CLASSEN
R,W,CLAY
P,,CLEARWATER
F,,CLEVA
W,H,CLEVEL
B,E,COBB
A,C,COBOSCERUTTI
C,,COCCHIERI
E,,COCCIA
M,,COELHO
P,,COELHO
S,,COENDERS
P,-F,COHADON
D,,COHEN
J,,COHEN-TANUGI
S,,COLAFRANCESCO
R,,COLALILLO
C,,COLAZO
A,,COLEIRO
A,,COLEMAN
A,,COLLA
C,G,COLLETTE
L,,COLLICA
G,H,COLLIN
M,R,COLUCCIA
L,R,COMINSKY
R,,CONCEIC¸˜AO
R,,CONCU
B,,CONDON
R,,CONIGLIONE
V,,CONNAUGHTON
J,,CONRAD
J,M,CONRAD
G,,CONSOLATI
L,,CONTI
F,,CONTRERAS
D,O,COOK
E,R,COOK
D,MAOZJ,COOKE
M,J,COOPER
S,J,COOPER
C,,COPPERWHEAT
P,,CORBAN
T,R,CORBITT
I,,CORDERO-CARRI´ON
K,R,CORLEY
N,,CORNISH
A,,CORONGIU
J,M,CORRAL-SANTANA
A,,CORSI
S,,CORTESE
C,A,COSTA
E,,COSTA
M,V,COSTA-DUARTE
D,,COSTANTIN
H,,COSTANTINI
U,,COTTI
J,,COTZOMI
M,,COUGHLIN
M,W,COUGHLIN
S,B,COUGHLIN
J,-P,COULON
D,A,COULTER
S,T,COUNTRYMAN
J,,COURVOISIER
S,,COUTI˜NODELE´ON
S,,COUTU
P,,COUVARES
P,B,COVAS
C,E,COVAULT
S,,COVINO
E,E,COWAN
D,M,COWARD
T,,COWARD
M,J,COWART
D,F,COWEN
P,,COWPERTHWAITE
P,,COYLE
D,C,COYNE
R,,COYNE
S,,CRAWFORD
R,,CREIGHTON
T,D,CREIGHTON
A,,CREUSOT
J,,CRIPE
H,,CRISP
M,,CROCCE
J,,CRONIN
R,,CROSS
B,,CROSSE
S,G,CROWDER
A,,CUCCHIARA
H,,CUEVASLARENAS
W,,CUI
W,W,CUI
T,J,CULLEN
A,,CUMMING
C,E,CUNHA
R,,CUNNIFFE
L,,CUNNINGHAM
A,,CUOCO
E,,CUOCO
G,,CUSUMANO
R,,CUTTER
J,YANGA,CWIEK
M,,CWIOK
H,,CZYRKOWSKI
R,,DABROWSKI
L,N,DACOSTA
M,,DADINA
T,,DALCANTON
B,,DANIEL
S,L,DANILISHIN
K,,DANZMANN
A,,DASGUPTA
C,F,DASILVACOSTA
S,,DASSO
V,,DATTILO
K,,DAUMILLER
I,,DAVE
I,D,DAVIDS
M,,DAVIER
C,,DAVIS
D,,DAVIS
E,J,DAW
B,R,DAWSON
B,,DAY
J,A,DAY
M,,DAY
K,,DE
S,,DE
R,M,DEALMEIDA
J,,DEBATIN
G,,DEBONIS
D,,DEBRA
G,,DECESARE
A,,DECIA
C,,DECLERCQ
J,,DECOCK
J,,DEGALLAIX
J,S,DEGOIS
I,,DEGREGORIO-MONSALVO
G,L,DEIANA
C,,DEIL
M,,DEJONG
S,J,DEJONG
E,,DELAFUENTE
J,J,DELAUNAY
M,,DELAURENTIS
C,,DELE´ON
O,,DELIGNY
M,,DELLAVALLE
A,T,DELLER
E,,DELMONTE
R,,DELOSREYES
W,,DELPOZZO
S,,DEL´EGLISE
G,,DEMAURO
H,,DEMBINSKI
G,,DEMELLONETO
I,,DEMITRI
N,,DEMOS
M,,DENAUROIS
J,K,DENG
T,,DENKER
L,,DENNEAU
M,,DENNEFELD
T,,DENT
J,,DEOLIVEIRA
F,,DEPALMA
M,,DEPASQUALE
R,,DEPIETRI
D,L,DEPOY
V,,DERGACHEV
S,,DERIDDER
R,,DEROSA
R,T,DEROSA
C,,DEROSSI
M,,DER´E
S,,DESAI
R,,DESALVO
A,,DESCHAMPS
P,,DESIATI
V,,DESOUZA
L,,DESSART
A,,DEUGARTE-POSTIGO
O,,DEVARONA
J,,DEVENSON
T,,DEVILLEPOIX
J,,DEVIN
K,D,DEVRIES
G,C,DEWANGAN
G,,DEWASSEIGE
P,,DEWILT
M,,DEWITH
T,,DEYOUNG
S,,DHURHAR
R,,DIAZHERNEZ
S,,DICHIARA
H,T,DIEHL
R,,DIEHL
J,P,DIETRICH
L,,DIFIORE
S,W,DIGEL
M,,DIGIOVANNI
T,,DIGIROLAMO
N,,DILALLA
A,,DILIETO
V,,DILORENZO
M,,DIMAURO
G,,DIMITRIADIS
B,L,DINGUS
F,,DIOGO
S,,DIPACE
I,,DIPALMA
A,,DIPAOLA
G,,DIPERSIO
F,,DIRENZO
L,,DIRSON
S,,DISEREGOALIGHIERI
C,,DISTEFANO
L,,DIVENERE
A,,DJANNATI-ATA¨I
D,,DOBIE
C,,DOBRIGKEIT
Z,,DOCTOR
M,,DOI
V,,DOLIQUE
A,,DOMI
A,,DOMINGO
M,,DOM´INGUEZROMERO
A,,DONATH
Y,W,DONG
I,,DONNARUMMA
F,,DONOVAN
C,,DONZAUD
K,L,DOOLEY
S,,DORAVARI
D,,DORNIC
Q,,DOROSTI
I,,DORRINGTON
R,C,DOSANJOS
R,,DOUGLAS
M,T,DOVA
M,,DOVALE´ALVAREZ
J,D,DOWELL
T,P,DOWNES
M,,DRAGO
C,,DREISSIGACKER
J,C,DRIGGERS
A,,DRLICA-WAGNER
D,,DROUHIN
M,R,DROUT
L,O’C,DRURY
Y,Y,DU
Z,,DU
R,,DUBOIS
M,,DUCROT
H,,DUJMOVIC
D,,DULTZIN
J,P,DUMM
A,,DUNDOVIC
M,,DUNKMAN
P,,DUPEJ
F,,DURRET
K,,DUTSON
M,A,DUVERNOIS
E,,DVORAK
S,E,DWYER
J,,DYKS
G,,D´ALYA
A,F,D´IAZ
M,C,D´IAZ
S,,D´IAZ
J,C,D´IAZ-V´ELEZ
M,L,D´IAZCASTRO
C,B,D’
F,,D’AMICO
§S,,D’AMICO
F,,D’AMMO
S,,D’ANTONIO
P,,D’AVANZO
A,,D’A`I
V,,D’ELIA
J,C,D’OLIVO
B,,EATOUGH
B,,EBERHARDT
T,,EBERL
M,WILLMANK,EBISAWA
J,,EBR
T,B,EDO
M,C,EDWARDS
T,,EDWARDS
A,,EFFLER
T,,EFTEKHARI
MMA—LIGO-P-VK,,EGBERTS
H,-B,EGGENSTEIN
E,,EGRON
P,,EHRENS
T,,EHRHARDT
J,,EICHHOLZ
B,,EICHMANN
T,F,EIFLER
S,S,EIKENBERRY
R,A,EISENSTEIN
I,,ELBOJADDAINI
N,,ELIAS-ROSA
N,,ELKHAYATI
P,,ELLER
R,W,ELLSWORTH
E,,ELMER
D,,ELS¨ASSER
G,,EMERY
K,,EMERY
M,,EMERY
D,,EMRICH
K,,ENGEL
R,,ENGEL
O,,ENR´IQUEZ-RIVERA
A,,ENZENH¨OFER
M,,ERDMANN
M,,ERFANI
J,-P,ERNENWEIN
T,,ERSON
S,,ESCHBACH
C,O,ESCOBAR
J,,ESPADANAL
R,C,ESSICK
J,A,ESTES
D,,ESTEVEZ
A,,ETCHEGOYEN
Z,B,ETIENNE
A,,ETTAHIRI
T,,ETZEL
Y,,EVANGELISTA
M,,EVANS
P,,EVANS
P,A,EVANS
T,M,EVANS
P,A,EVENSON
M,,FACTOUROVICH
V,,FAFONE
S,,FAHEY
H,,FAIR
S,,FAIRHURST
H,,FALCKE
X,,FAN
Y,,FAN
A,,FARA
S,,FARINON
J,,FARMER
C,,FARNIER
B,,FARR
W,M,FARR
G,,FARRAR
T,J,FARRELL
F,,FASSI
E,J,FAUCHON-JONES
A,C,FAUTH
M,,FAVATA
M,,FAYS
A,R,FAZELY
N,,FAZZINI
C,,FEE
S,,FEGAN
S,J,FEGAN
H,,FEHRMANN
J,,FEICHT
U,,FEINDT
M,M,FEJER
F,,FELDBUSCH
J,,FELDE
I,,FELIS
J,,FENDER
R,P,FENDER
F,,FENU
M,V,FERNES
E,,FERNEZ
A,,FERNEZ-GALIANA
D,,FERN´EZ
M,,FEROCI
I,,FERRANTE
A,,FERRARI
E,C,FERREIRA
C,,FERRIGNO
F,,FERRINI
A,,FIASSON
B,,FICK
F,,FIDECARO
J,M,FIGUEIRA
R,,FIGUERAJAIMES
K,,FILIMONOV
A,,FILIPˇCIˇC
F,,FINET
C,,FINLEY
D,A,FINLEY
D,,FINSTAD
V,,FIORETTI
I,,FIORI
D,W,FIORINO
D,,FIORUCCI
R,E,FIRTH
M,,FISHBACH
R,P,FISHER
M,,FITZ-AXEN
R,,FLAMINIO
B,,FLAUGHER
H,,FLEISCHHACK
M,,FLETCHER
H,,FLEWELLING
S,,FLIS
A,,FL¨ORS
W,B,FOCKE
A,R,FOLEY
P,,FOLEY
H,,FONG
W,,FONG
J,A,FONT
G,,FONTAINE
C,J,FONTES
J,A,FORSYTH
S,S,FORSYTH
P,,FOSALBA
K,,FOSTER
J,-D,FOURNIER
O,D,FOX
N,,FRAIJA
D,A,FRAIL
A,,FRANCKOWIAK
T,,FRANZEN
S,,FRASCA
F,,FRASCONI
M,,FRASER
D,D,FREDERIKS
Z,,FREI
M,M,FREIRE
A,,FREISE
C,,FREMLING
R,,FREY
S,,FREY
V,,FREY
E,,FRIEDMAN
J,A,FRIEMAN
E,M,FRIES
P,,FRITSCHEL
C,,FROHMAIER
V,V,FROLOV
A,S,FRUCHTER
C,L,FRYER
M,X,FU
T,,FUCHS
T,,FUJII
Y,I,FUJII
T,,FUJIYOSHI
Y,,FUKAZAWA
P,,FULDA
S,,FUNK
H,,FURUSAWA
F,,FUSCHINO
L,A,FUSCO
P,,FUSCO
A,,FUSTER
M,,FYFFE
S,-K,FYNBO
M,,F¨USSLING
H,,GABBARD
S,,GABICI
A,V,GABOVICH
B,U,GADRE
S,M,GAEBEL
B,M,GAENSLER
J,R,GAIR
T,K,GAISSER
A,,GAL-YAM
L,,GALBANY
J,,GALLAGHER
Y,A,GALLANT
L,,GAMMAITONI
M,R,GANIJA
G,H,GAO
H,,GAO
M,,GAO
W,,GAO
S,G,GAONKAR
J,A,GARCIA
C,,GARCIA-QUIROS
B,,GARC´IA
J,,GARC´IA
J,,GARC´IA-BELLIDO
J,A,GARC´IA-GONZ´ALEZ
D,,GARC´IALAMBAS
F,,GARFIAS
F,,GARGANO
T,,GARRIGOUX
F,,GARUFI
D,,GASPARRINI
B,,GATELEY
F,,GAT´E
S,,GAUDIO
F,,GAUDIOMONTE
G,,GAUR
P,,GAY
V,,GAYATHRI
E,,GAZTANAGA
R,,GA¨IOR
M,Y,GE
N,,GEHRELS
∗G,,GEMME
H,,GEMMEKE
B,,GENDRE
E,,GENIN
A,,GENNAI
D,,GEORGE
J,,GEORGE
D,W,GERDES
L,,GERGELY
L,,GERHARDT
M,,GERHARDT
V,,GERMAIN
F,,GETMAN
A,,GHERGHEL-LASCU
P,L,GHIA
G,,GHIRLA
G,,GHISELLINI
S,,GHONGE
K,,GHORBANI
S,,GHOSH
U,,GIACCARI
S,,GIACINTUCCI
J,A,GIAIME
M,,GIAMMARCHI
W,,GIANG
T,,GIANNANTONIO
F,,GIANOTTI
K,D,GIARDINA
G,,GIAVITTO
A,,GIAZOTTO
M,H,GIBBY
T,,GIBLIN
B,,GIEBELS
J,L,GILL
K,,GILL
M,,GILLER
P,,GIOMMI
F,,GIORDANO
V,,GIORDANO
C,,GIRARDINI
M,,GIROLETTI
G,,GIUFFRIDA
A,,GIULIANI
A,,GIUNTA
T,,GLANZMAN
C,,GLASER
T,,GLAUCH
D,,GLAWION
J,F,GLICENSTEIN
H,,GLOTIN
L,,GLOVER
T,,GL¨USENKAMP
S,,GOEDHART
E,,GOETZ
R,,GOETZ
A,,GOLDSCHMIDT
A,,GOLDSTEIN
D,A,GOLDSTEIN
S,V,GOLENETSKII
G,,GOLUP
A,,GOMBOC
S,,GOMES
B,,GOMPERTZ
B,,GONCHAROV
D,R,GONC¸ALVES
T,S,GONC¸ALVES
J,G,GONZALEZ
J,M,GONZALEZCASTRO
G,,GONZ´ALEZ
M,M,GONZ´ALEZ
N,,GONZ´ALEZ
MMA—LIGO-P-VC,,GONZ´ALEZ-FERN´EZ
S,,GONZ´ALEZ-GAIT´AN
J,,GONZ´ALEZ-L´OPEZ
A,,GONZ´ALEZMU˜NOZ
A,,GOOBAR
J,A,GOODMAN
A,,GOPAKUMAR
E,S,GORBOVSKOY
I,A,GORBUNOV
A,,GORGI
M,L,GORODETSKY
S,E,GOSSAN
M,,GOSSELIN
O,,GOTTLIEB
M,,GOTTOWIK
D,,GOTTSCHALL
R,,GOUATY
R,,GRACIARUIZ
A,,GRADO
C,,GRAEF
K,,GRAF
M,,GRANATA
A,,GRANT
D,,GRANT
S,,GRAS
C,,GRAY
G,,GRECO
A,C,GREEN
D,,GREEN
J,A,GREEN
B,W,GREFENSTETTE
J,,GREINER
O,A,GRESS
E,M,GRETARSSON
Z,,GRIFFITH
A,F,GRILLO
M,,GROMADZKI
M,-H,GRONDIN
C,,GRONWALL
P,,GROOT
P,J,GROOT
H,,GROTE
∗T,D,GRUBB
D,,GRUEN
R,A,GRUENDL
S,,GRUNEWALD
P,,GRUNING
T,,GR´EGOIRE
J,,GSCHWEND
Y,D,GU
J,,GUAN
F,,GUARINO
G,P,GUEDES
G,M,GUIDI
L,,GUILLEMOT
C,C,GUO
X,,GUO
A,,GUPTA
M,K,GUPTA
S,,GUROVICH
V,,GUSAI
K,E,GUSHWA
E,K,GUSTAFSON
R,,GUSTAFSON
G,,GUTIERREZ
C,P,GUTI´ERREZ
M,,G´OMEZBERISSO
P,F,G´OMEZVITALE
D,,G´OTZ
D,,GŁAS
C,,HAACK
M,,HAGGARD
J,,HAHN
J,,HAISLIP
O,,HALIM
B,R,HALL
E,D,HALL
A,,HALLGREN
R,,HALLIDAY
G,,HALLINAN
S,,HALLMANN
F,,HALZEN
A,,HAMANOWICZ
R,,HAMBURG
E,Z,HAMILTON
G,,HAMMOND
M,R,HAMPEL
Z,,HAMPEL-ARIAS
D,W,HAN
P,J,HANCOCK
M,,HANEY
M,,HANGYU
M,M,HANKE
J,,HANKS
L,,HANLON
C,,HANNA
M,D,HANNAM
O,A,HANNUKSELA
P,,HANSEN
J,,HANSON
K,,HANSON
C,,HANYU
M,,HAOCUNYU
D,,HARARI
A,K,HARDING
J,P,HARDING
T,,HARDWICK
S,,HARITA
J,,HARMANEN
J,,HARMS
F,,HARRISON
T,A,HARRISON
G,M,HARRY
I,W,HARRY
M,J,HART
W,,HARTLEY
D,H,HARTMANN
V,M,HARVEY
T,,HASHIMOTO
C,-J,HASTER
K,,HAUGHIAN
A,,HAUNGS
M,,HAUPT
J,,HAWKES
J,,HEALY
T,,HEBBEKER
D,,HEBECKER
D,,HECK
D,,HEEREMAN
M,,HEIDA
A,,HEIDMANN
A,J,HEIJBOER
P,,HEIMANN
K,E,HEINTZ
M,C,HEINTZE
A,,HEINZE
G,,HEINZELMANN
H,,HEITMANN
K,,HELBING
R,,HELLAUER
P,,HELLO
Y,,HELLO
G,,HELOU
G,,HEMMING
M,,HENDRY
I,S,HENG
J,,HENNIG
G,,HENRI
A,W,HEPTONSTALL
G,,HERMANN
K,,HERNER
M,-S,HERNEZ
S,,HERNEZ
A,,HERNEZ-ALMADA
J,J,HERN´EZ-REY
A,E,HERVE
M,,HEURS
S,,HICKFORD
K,,HIDAKA
A,B,HIGGINS
J,,HIGNIGHT
S,,HILD
G,C,HILL
T,,HINDERER
J,A,HINTON
D,,HIRAMATSU
D,,HIRIART
J,,HJORTH
A,A,HMIYASAKA
G,,HO
D,,HOAK
S,T,HODGKIN
G,,HODOSAN
J,,HOFEST¨ADT
K,D,HOFFMAN
R,,HOFFMANN
D,,HOFMAN
W,,HOFMANN
C,,HOISCHEN
C,,HOJVAT
B,,HOKANSON-FASIG
T,L,HOLCH
M,,HOLLER
E,W,HOLT
K,,HOLT
D,E,HOLZ
D,S,HOMAN
P,,HOMOLA
B,,HONA
S,,HONDA
K,,HONSCHEID
I,M,HOOK
P,,HOPKINS
D,,HORAN
A,,HORESH
T,,HORI
D,,HORNS
L,,HORSLEY
C,,HORST
P,,HORVATH
K,,HOSHINA
G,,HOSSEINZADEH
A,,HOTAN
K,,HOTOKEZAKA
J,,HOUGH
E,A,HOUSTON
A,,HOWARDPAN
D,A,HOWELL
E,J,HOWELL
R,M,HOWIE
M,,HRABOVSK´Y
L,,HU
W,,HU
Y,,HU
Y,-D,HU
Y,M,HU
F,,HUANG
Y,,HUANG
A,,HUANG-WEIPAN
M,,HUBER
M,E,HUBER
T,,HUEGE
E,A,HUERTA
D,,HUET
B,,HUGHEY
C,,HUGON
C,M,HUI
J,,HULSMAN
K,,HULTQVIST
L,K,HUNT
J,,HUO
K,,HURLEY
S,,HUSA
S,H,HUTTNER
T,,HUYNH-DINH
J,R,H¨OREL
J,,H¨OSSL
M,,H¨UNNEFELD
P,,H¨UNTEMEYER
G,,ILLUMINATI
D,TURPINM,IM
S,,IN
N,,INDIK
C,,INSERRA
A,,INSOLIA
R,,INTA
G,,INTINI
W,-H,IP
A,,IRIARTE
M,,IRWIN
H,N,ISA
J,-M,ISAC
P,G,ISAR
A,,ISHIHARA
M,,ISHIKAWA
W,,ISHIZAKI
C,H,ISHWARA-CHRA
M,,ISI
N,,ISOBE
G,L,ISRAEL
R,,ITOH
A,,IVASCENKO
W,,IWAKIRI
H,,IWASAKI
B,R,IYER
K,,IZUMI
L,,IZZO
A,,JACHOLKOWSKA
E,,JACOBI
T,,JACQMIN
W,,JAGWAR
P,,JAKOBSSON
C,W,JAMES
D,J,JAMES
P,A,JAMES
A,,JAMESON
M,,JAMROZY
K,,JANI
D,,JANKOWSKY
F,,JANKOWSKY
G,S,JAPARIDZE
P,,JARANOWSKI
A,,JARDIN-BLICQ
S,,JAWAHAR
T,,JELTEMA
M,,JEL´INEK
J,E,JENCSON
P,,JENKE
M,,JEONG
S,,JEONG
A,,JERKSTR
K,,JERO
S,M,JIA
L,H,JIANG
W,C,JIANG
F,,JIM´ENEZ-FORTEZA
Y,,JIM´ENEZ-TEJA
J,,JIN
Y,J,JIN
Z,P,JIN
M,,JINGO
J,,JOE
J,A,JOHNSEN
M,D,JOHNSON
T,,JOHNSON
W,W,JOHNSON
S,,JOHNSTON
M,,JOHNSTON-HOLLITT
D,I,JONES
K,,JONES
R,,JONES
M,,JONGEN
P,,JONKER
P,G,JONKER
R,,JONKER
M,,JOSEBACHUILI
V,,JOSHI
E,,JOURDAIN
L,,JOUVIN
I,,JT
L,,JU
I,,JUNG-RICHARDT
J,,JUNKER
J,,JURYSEK
G,,J´OHANNESSON
U,G,JØRGENSEN
N,,KA
M,,KADLER
P,,KALACZYNSKI
C,V,KALAGHATGI
O,,KALEKIN
V,,KALOGERA
T,,KAMAE
B,,KAMAI
K,H,KAMPERT
A,,KANAAN
G,,KANG
W,,KANG
T,,KANGAS
E,,KANKARE
D,A,KANN
J,B,KANNER
S,J,KAPADIA
L,,KAPER
D,L,KAPLAN
A,,KAPPES
T,,KARG
S,,KARKI
A,,KARLE
K,S,KARVINEN
D,,KASEN
M,M,KASLIWAL
G,,KASPROWICZ
M,,KASPRZACK
N,E,KASSIM
M,A,KASTENDIECK
K,,KATARZY´NSKI
M,,KATOLIK
E,,KATSAVOUNIDIS
M,,KATSURAGAWA
U,,KATZ
W,,KATZMAN
S,,KAUFER
S,,KAUFMANN
A,SHULEVSKIM,KAVIC
K,S,KAWABATA
M,,KAWABATA
K,,KAWABE
H,,KAWAI
N,,KAWAI
Y,,KAWAKUBO
T,,KAWAMURO
T,,KAWASE
E,F,KEANE
B,,KEILHAUER
D,,KEITEL
A,,KEIVANI
J,L,KELLEY
A,J,KEMBALL
N,,KEMMERICH
J,,KEMP
J,A,KENNEA
R,,KENNEDY
D,,KENNEY
S,,KENSEI
C,,KENT
S,,KENT
W,E,KERZENDORF
R,,KESSLER
M,,KETTENIS
J,S,KEY
F,Y,KHALILI
I,,KHAN
S,,KHAN
Z,,KHAN
D,,KHANGULYAN
S,,KHASAMY
E,A,KHAZANOV
A,,KHEIRISH
H,G,KHRIKA
B,,KH´ELIFI
R,M,KIECKHAFER
D,,KIEDA
D,,KIESSLING
N,,KIJBUNCHOO
C,D,KILPATRICK
H,,KIM
J,,KIM
J,C,KIM
J,H,KIM
K,,KIM
M,,KIM
MMA—LIGO-P-VS,,KIM
P,-J,KIM
S,-L,KIM
W,,KIM
W,S,KIM
Y,-M,KIM
S,J,KIMBRELL
E,J,KING
J,,KING
P,J,KING
M,,KINLEY-HANLON
T,,KINTSCHER
R,M,KIPPEN
B,S,KIRAN
R,,KIRCHHOFF
J,,KIRYLUK
J,S,KISSEL
Y,,KITAOKA
T,,KITTLER
H,O,KLAGES
M,,KLEIFGES
S,R,KLEIN
J,,KLEINFELLER
S,,KLEPSER
L,,KLEYBOLTE
S,,KLIMENKO
D,,KLOCHKOV
S,,KLOSE
A,,KLOTZ
W,,KLU´ZNIAK
T,D,KNOWLES
S,-W,KO
S,,KOBAYASHI
D,,KOCEVSKI
P,,KOCH
S,M,KOEHLENBECK
G,,KOHNEN
R,,KOIRALA
H,,KOLANOSKI
S,,KOLEY
NU,,KOMIN
V,,KONDRASHOV
A,,KONTOS
D,,KOPAC
C,,KOPPER
S,,KOPPER
V,G,KORNILOV
O,,KOROBKIN
M,,KOROBKO
W,Z,KORTH
K,,KOSACK
J,P,KOSCHINSKY
S,,KOSHIDA
D,J,KOSKINEN
Z,,KOSTRZEWA-RUTKOWSKA
R,,KOTAK
A,,KOUCHNER
V,V,KOUPRIANOV
C,,KOUVELIOTOU
I,,KOWALSKA
M,,KOWALSKI
D,B,KOZAK
A,V,KOZLOVA
S,,KRAKAU
M,,KRAMER
M,,KRAUS
E,,KRAUSE
R,,KRAUSE
M,,KRETER
I,,KREYKENBOHM
H,A,KRIMM
V,,KRINGEL
K,,KRINGS
B,,KRISHNAN
N,,KROHM
M,,KROLL
M,,KROMER
R,,KRON
M,A,KRUGOV
C,,KR¨AMER
G,,KR¨UCKL
P,P,KR¨UGER
T,,KR¨UHLER
A,,KR´OLAK
P,,KUB´ANEK
G,,KUEHN
K,,KUEHN
D,,KUEMPEL
B,S,KUIN
H,A,KUIN
G,,KUKECMEZEK
V,,KULIKOVSKIY
S,R,KULKARNI
P,,KUMAR
R,,KUMAR
S,,KUMAR
H,,KUNCARAYAKTI
N,,KUNKA
J,,KUNNEN
S,,KUNWAR
L,,KUO
A,,KUOTBAWAD
T,,KUPFER
N,,KURAHASHI
D,,KURODA
M,,KUSS
A,,KUTYNIA
A,,KUTYREV
E,,KUULKERS
D,A,KUVSHINOV
T,,KUWABARA
A,S,KUZNETSOV
S,,KWANG
M,-K,KWON
A,,KYRIACOU
A,,K¨A¨AP¨A
L,,K¨OPKE
F,,K´EF´ELIAN
C,,LABANTI
M,,LABARE
C,,LACHAUD
B,D,LACKEY
A,,LADU
H,,LAFFON
B,L,LAGO
O,,LAHAV
R,,LAHMANN
D,,LAHURD
K,H,LAI
G,,LAMANNA
G,,LAMURA
J,L,LANFRANCHI
R,G,LANG
R,N,LANG
J,,LANGE
H,J,LANGEVELDE
B,,LANTZ
R,K,LANZA
A,,LARA
M,,LARES
M,J,LARSON
A,,LARTAUX-VOLLARD
P,D,LASKY
L,,LATRONICO
J,,LAU
R,M,LAU
F,,LAUBER
R,J,LAUER
R,,LAUGIER
P,,LAURENT
M,,LAUSCHER
A,,LAWRENCE
M,,LAXEN
A,,LAZZARINI
C,,LAZZARO
P,,LEACI
C,,LEAGUE
S,,LEAVEY
F,,LEBRUN
C,-H,LEE
C,-U,LEE
C,H,LEE
H,K,LEE
H,M,LEE
H,W,LEE
K,,LEE
S,-K,LEE
W,H,LEE
J,-P,LEES
J,,LEFAUCHEUR
D,,LEF`EVRE
R,,LEGUMINA
J,,LEHMANN
M,A,LEIGUIDEOLIVEIRA
G,,LELOUDAS
A,,LEMI`ERE
M,,LEMOINE-GOUMARD
J,-P,LENAIN
E,,LENC
D,,LENNARZ
A,,LENON
M,,LEONARDI
E,,LEONORA
N,,LEROY
E,,LESER
M,,LESIAK-BZDAK
N,,LETENDRE
A,,LETESSIER-SELVON
M,,LEUERMANN
S,,LEURINI
A,J,LEVAN
H,O,LEVATO
Y,,LEVIN
H,,LE´ONVARGAS
I,,LHENRY-YVON
B,,LI
C,K,LI
G,,LI
M,S,LI
M,V,LI
T,S,LI
W,,LI
X,,LI
X,B,LI
X,F,LI
Y,,LI
Y,G,LI
Z,J,LI
Z,W,LI
X,H,LIANG
J,Y,LIAO
C,,LIDMAN
S,L,LIEBLING
A,,LIEN
G,,LIM
S,-K,LIM
M,,LIMA
L,,LIMATOLA
H,,LIN
K,,LINK
S,D,LINKER
J,T,LINNEMANN
M,,LIPPERT
E,R,LIPUNOV
M,,LISI
T,B,LITTENBERG
C,Z,LIU
G,Q,LIU
H,W,LIU
J,,LIU
Q,R,LIU
R,,LIU
S,Z,LIU
W,,LIU
X,J,LIU
Y,,LIU
Y,N,LIU
J,,LO
N,A,LOCKERBIE
T,,LOHSE
L,T,LONDON
A,L,LONGINOTTI
F,,LONGO
F,,LOPARCO
H,,LOPES
L,,LOPES
R,,LOPESDEOLIVEIRA
C,,LOPEZ
D,,LOPRESTI
J,E,LORD
R,,LOREK
M,,LORENTZ
M,,LORENZINI
V,,LORIETTE
M,,LORM
S,,LORU
G,,LOSURDO
M,,LOTZE
S,,LOUCATOS
J,D,LOUGH
H,,LOURENC¸O
C,O,LOUSTO
G,,LOVELACE
M,N,LOVELLETTE
T,B,LOWE
M,,LRY
B,,LU
F,J,LU
L,,LU
X,F,LU
P,,LUBRANO
F,,LUCARELLI
Q,,LUCE
A,,LUCERO
G,,LUISRAYA
D,,LUMACA
R,,LUNA-GARC´IA
A,P,LUNDGREN
T,,LUO
W,,LUSZCZAK
A,,LUTOVINOV
J,,LYMAN
J,D,LYMAN
C,,LYNCH
R,,LYNCH
I,,LYPOVA
A,L,LYSENKO
H,,L¨UCK
J,,L¨UNEMANN
R,,L´OPEZ
R,,L´OPEZ-COTO
O,,L´OPEZ-CRUZ
A,,L´OPEZCASADO
B,,MA
X,,MA
Y,,MA
R,,MACAS
S,,MACFOY
B,,MACHENSCHALK
M,,MACINNIS
D,M,MACLEOD
D,,MACPHERSON
L,M,MACRI
B,F,MADORE
J,,MADSEN
K,,MADSEN
F,,MAGA˜NA-SOVAL
I,,MAGA˜NAHERNEZ
L,,MAGA˜NAZERTUCHE
M,,MAGEE
R,M,MAGEE
G,,MAGGI
J,D,MAGILL
E,A,MAGNIER
K,,MAGUIRE
G,,MAHN
M,,MAIA
E,,MAIORANO
E,,MAJORANA
S,,MAKHATHINI
K,,MAKISHIMA
I,,MAKSIMOVIC
M,,MALACARI
S,,MALDERA
D,,MALESANI
C,C,MALLAMACI
M,,MALLAMACI
K,,MALONE
D,,MALYSHEV
N,,MAN
S,,MANCINA
A,,MANFREDA
V,,MANGANO
L,,MANKIEWICZ
G,L,MANSELL
M,,MANSKE
M,,MANTOVANI
P,,MANTSCH
I,,MANULIS
J,,MAO
M,,MAPELLI
M,,MARCELIN
M,,MARCH
F,,MARCHESONI
B,,MARCOTE
A,,MARCOWITH
A,,MARGIOTTA
R,,MARGUTTI
C,,MARIAUD
A,G,MARIAZZI
A,,MARINELLI
S,S,MARINELLI
F,,MARION
M,,MARISALDI
I,C,MARIS¸
C,,MARKAKIS
A,S,MARKOSYAN
A,,MARKOWITZ
V,,MARON
L,,MARONGIU
E,,MAROS
A,,MARQUINA
J,,MARRINER
G,,MARSELLA
P,,MARSH
F,E,MARSHALL
J,L,MARSHALL
F,,MARTELLI
L,,MARTELLINI
D,,MARTELLO
I,W,MARTIN
R,M,MARTIN
A,,MARTIN-CARRILLO
H,,MARTINEZ
O,,MARTINEZ
I,,MARTINEZ-CASTELLANOS
P,,MARTINI
D,V,MARTYNOV
S,,MART´IN
J,,MART´INEZ-CASTRO
H,,MART´INEZ-HUERTA
J,A,MART´INEZ-MORA
O,,MART´INEZBRAVO
R,,MARUYAMA
R,,MARX
K,,MASE
N,,MASETTI
K,,MASON
E,,MASSERA
A,,MASSEROT
T,J,MASSINGER
M,,MASSO-REID
S,,MASTROGIOVANNI
J,J,MAS´IASMEZA
D,,MAT
A,,MATAS
S,,MATE
H,J,MATHES
T,,MATHESON
S,,MATHYS
F,,MATICHARD
L,,MATONE
K,,MATSUBAYASHI
M,,MATSUOKA
J,,MATTHEWS
J,A,MATTHEWS
G,,MATTHIAE
S,,MATTILA
R,,MAUNU
G,,MAURIN
N,,MAVALVALA
N,,MAXTED
M,,MAYER
E,,MAYOTTE
E,D,MAZAEVA
N,,MAZUMDER
P,O,MAZUR
P,A,MAZZALI
M,N,MAZZIOTTA
S,,MCBREEN
O,,MCBRIEN
R,,MCCARTHY
D,E,MCCLELL
S,,MCCORMICK
L,,MCCULLER
C,,MCCULLY
J,E,MCENERY
S,C,MCGUIRE
G,,MCINTYRE
J,,MCIVER
R,G,MCMAHON
D,J,MCMANUS
F,,MCNALLY
L,,MCNEILL
T,,MCRAE
S,T,MCWILLIAMS
D,,MEACHER
G,D,MEADORS
K,,MEAGHER
M,,MEDICI
C,,MEDINA
G,E,MEDINA
G,,MEDINA-TANCO
C,A,MEEGAN
M,,MEHMET
A,,MEHNER
J,,MEIDAM
M,,MEIER
P,J,MEINTJES
E,,MEJUTO-VILLA
I,,MEL
A,,MELATOS
R,,MELE
R,,MELIA
A,,MELIS
G,,MELIS
K,,MELIS
D,,MELO
A,,MELRI
F,,MENANTEAU
G,,MENDELL
C,,MENDESDEOLIVEIRA
B,,MENG
T,,MENNE
A,,MENSHIKOV
R,A,MERCER
S,,MEREGHETTI
K,-D,MERENDA
E,L,MERILH
G,,MERINO
M,,MERZOUGUI
S,,MESHKOV
C,,MESSENGER
C,,MESSICK
R,,METZDORFF
B,D,METZGER
T,,MEURES
M,,MEYER
P,M,MEYERS
M,,MGILES
H,,MIAO
S,,MIARECKI
V,,MIC
J,,MICALLEF
T,,MICHAEL
S,,MICHAL
M,J,MICHAŁOWSKI
C,,MICHEL
M,I,MICHELETTI
P,F,MICHELSON
L,,MIDDENDORF
H,,MIDDLETON
P,,MIGLIOZZI
T,,MIHARA
E,E,MIKHAILOV
L,,MILANO
A,A,MILLER
A,L,MILLER
B,B,MILLER
C,J,MILLER
J,,MILLER
M,,MILLHOUSE
M,C,MILOVICH-GOFF
B,,MILVANG-JENSEN
P,YU,MINAEV
O,,MINAZZOLI
Y,,MINENKOV
G,,MINERVINI
J,,MING
R,,MIQUEL
P,,MIRA-ROMAGNOLI
N,,MIRABAL
L,,MIRAMONTI
C,,MISHRA
K,,MISRA
M,,MITCHELL
S,,MITRA
B,,MITRICA
V,P,MITROFANOV
G,,MITSELMAKHER
R,,MITTLEMAN
S,,MIYAZAKI
D,,MOCKLER
R,,MODERSKI
D,,MOFFA
A,,MOGGI
K,,MOGUSHI
M,,MOHAMED
M,,MOHAN
M,,MOHAPATRA
J,J,MOHR
L,,MOHRMANN
J,,MOLDON
A,,MOLINO
S,,MOLLERACH
G,,MOMENT´E
F,,MONTANET
M,,MONTANI
T,,MONTARULI
M,E,MONZANI
K,,MOOLEY
C,J,MOORE
R,W,MOORE
M,F,MORALES
D,,MORARU
C,,MORELLO
E,,MORENO
G,,MORENO
K,,MORIHANA
K,,MORITA
T,,MORITA
G,,MORLINO
T,,MOROKUMA
D,,MORRIS
S,R,MORRISS
A,,MORSELLI
K,,MOR˚A
I,V,MOSKALENKO
M,,MOSTAF´A
K,,MOTOHARA
M,,MOULAI
E,,MOULIN
B,,MOURS
A,,MOUSSA
C,M,MOW-LOWRY
G,,MUELLER
A,W,MUIR
J,,MUIR
D,,MUKHERJEE
S,,MUKHERJEE
N,,MUKUND
A,,MULLAVEY
M,A,MULLER
P,,MUNAR-ADROVER
J,,MUNCH
C,G,MUNDELL
T,,MURACH
K,L,MURATA
M,,MURATORE
A,,MURGUIA-BERTHIER
T,,MURPHY
P,G,MURRAY
R,,MUSSA
E,A,MU˜NIZ
R,R,MU˜NOZ
S,T,MYERS
A,,M¨OLLER
A,,M¨ULLER
A,L,M¨ULLER
G,,M¨ULLER
S,,M¨ULLER
S,,M´ARKA
Z,,M´ARKA
P,,MØLLER
H,,NAGAI
H,,NAGASHIMA
T,,NAGAYAMA
R,,NAHNHAUER
S,,NAKAHIRA
M,,NAKAJIMA
Y,,NAKAMURA
T,,NAKAOKA
E,,NAKAR
P,,NAKARMI
S,,NAKASHIMA
F,,NAKATA
Y,,NANG
K,,NAPIER
I,,NARANJO
I,,NARDECCHIA
L,,NATALUCCI
K,,NATHANIEL
L,,NATICCHIONI
U,,NAUMANN
L,,NAVA
S,,NAVAS
K,,NAWROCKI
R,K,NAYAK
H,,NDIYAVALA
G,,NEER
H,,NEGORO
M,,NEGRO
J,,NEILSON
G,,NELEMANS
L,,NELLEN
G,,NELSON
M,,NERY
A,,NEUNZERT
L,,NEVIN
M,,NEWBOLD
J,M,NEWPORT
G,,NEWTON
E,,NEZRI
G,,NG
C,-C,NGEOW
P,H,NGUYEN
T,T,NGUYEN
L,,NICASTRO
R,C,NICHOL
M,,NICHOLL
D,,NICHOLS
M,,NICULESCU-OGLINZANU
J,Y,NIE
M,,NIECHCIOL
H,,NIEDERHAUSEN
F,,NIEDERWANGER
A,B,NIELSEN
J,,NIEMIEC
L,,NIEMIETZ
T,,NIGGEMANN
J,L,NILOCASTELL´ON
M,U,NISA
S,,NISSANKE
A,,NITZ
D,,NITZ
A,,NOACK
F,,NOCERA
D,,NOLTING
J,,NORDIN
R,,NORIEGA-PAPAQUI
C,,NORTH
D,,NOSEK
J,A,NOUSEK
V,,NOVOTNY
S,C,NOWICKI
K,,NOYSENA
L,,NOˇZKA
P,,NUGENT
E,,NUSS
L,K,NUTTALL
D,R,NYGREN
M,,NYNKA
L,A,N´U˜NEZ
L,,OAKES
S,R,OATES
K,S,OBENBERGER
J,,OBERLING
A,,OBERTACKEPOLLMANN
S,,ODA
H,,ODAKA
E,O,OFEK
G,H,OGIN
R,C,OGO
J,J,OH
S,H,OH
S,,OHM
F,,OHME
R,,OHSAWA
T,,OHSHIMA
K,,OHTA
F,,OIKONOMOU
R,,OJHA
M,A,OKADA
H,,OKITA
PH,P,OLEYNIK
A,,OLINTO
A,,OLIVAS
M,,OLIVER
N,,OMODEI
C,A,ONKEN
F,,ONORI
N,,OOZEER
R,,OPIELA
P,,OPPERMANN
RICHARDJ,,ORAM
B,,ORANGE
M,,ORGANOKOV
M,,ORIENTI
A,,ORLATI
E,,ORLO
R,,ORMISTON
L,F,ORTEGA
P,,ORTU
J,P,OSBORNE
S,,OSLOWSKI
S,,OSSOKINE
M,,OSTROWSKI
D,J,OTTAWAY
G,,OU
H,,OVERMIER
B,J,OWEN
I,,OYA
S,,OZAWA
P,,O’BRIEN
G,D,O’DEA
A,,O’MURCHADHA
D,,O’NEILL
B,,O’REILLY
R,,O’SHAUGHNESSY
L,,PACCIANI
A,E,PACE
W,S,PACIESAS
N,,PADILLA
M,,PADOVANI
C,,PAGANI
J,,PAGE
K,L,PAGE
M,A,PAGE
A,,PAI
S,A,PAI
A,,PAL-SINGH
J,R,PALAMOS
O,,PALASHOV
M,,PALATIELLO
M,,PALATKA
E,,PALAZZI
T,,PALCZEWSKI
V,S,PALIYA
N,,PALLIYAGURU
D,,PALLOT
J,,PALLOTTA
S,,PALMAS
D,M,PALMER
J,T,PALMERIO
A,,PALMESE
C,,PALOMBA
Y,-C,PAN
D,,PANEQUE
B,,PANG
D,V,PANKOVA
C,,PANKOW
F,,PANNARALE
B,C,PANT
M,,PANTER
F,,PAOLETTI
A,,PAOLI
M,A,PAPA
P,,PAPENBREER
L,RESMIZ,PARAGI
G,,PARENTE
A,,PARIDA
I,H,PARK
W,,PARKER
N,,PARMIGGIANI
A,,PARRA
R,D,PARSONS
D,,PASCUCCI
A,,PASQUALETTI
R,,PASSAQUIETI
D,,PASSUELLO
A,,PASTORELLO
F,,PATAT
M,,PATIL
B,,PATRICELLI
T,,PAUL
M,,PAVANA
J,,PAXMAN
F,,PAZ-CHINCH´ON
B,L,PEARLSTONE
M,,PECH
M,,PEDRAZA
F,,PEDREIRA
R,,PEDUR
P,,PEIFFER
N,W,PEKEUR
L,,PEKOWSKY
R,,PELAYO
A,,PELE
C,,PELLEGRINO
G,,PELLETIER
A,,PELLIZZONI
A,V,PENACCHIONI
S,,PENN
J,A,PEPPER
J,,PEREIRA
C,,PERENNES
C,J,PEREZ
D,A,PERLEY
M,,PERLIN
A,,PERRECA
L,M,PERRI
M,,PERRI
C,,PERRINA
D,,PERRODIN
L,,PERRONE
A,,PESCALLI
M,,PESCE-ROLLINS
C,,PETERS
W,M,PETERS
S,,PETRERA
P,-O,PETRUCCI
S,B,PEY
B,,PEYAUD
J,,PE¸KALA
J,,PE˜NA-RODRIGUEZ
T,,PE˜NUELA
H,P,PFEIFFER
M,,PHELPS
J,,PHUNTSOK
E,,PIAN
G,,PIANO
P,,PIATTELLI
O,J,PICCINNI
M,,PICHOT
P,,PICOZZA
Q,,PIEL
D,,PIELOTH
F,,PIERGIOVANNI
T,,PIEROG
V,,PIERRO
G,,PIGNATA
S,,PIKE
M,,PILIA
G,,PILLANT
M,,PIMENTA
L,,PINARD
E,,PINAT
I,M,PINTO
L,W,PIOTROWSKI
T,,PIRAN
S,,PIRANOMONTE
M,,PIRELLO
A,L,PIRO
L,,PIRO
F,,PIRON
V,,PIRRONELLO
T,,PISANU
S,,PITA
M,,PITKIN
C,,PITTORI
V,M,PLACCO
M,,PLATINO
A,A,PLAZAS
M,,PLUM
F,,PODESTA
R,C,PODESTA
P,,PODSIADLOWSKI
M,,POE
R,,POGGIANI
J,,POH
V,,POIREAU
S,,POOLAKKIL
H,,POON
V,,POPA
P,,POPOLIZIO
S,,POPPI
C,,POROWSKI
E,K,PORTER
T,A,PORTER
A,,POSSENTI
A,,POST
S,B,POTTER
J,,POWELL
A,V,POZANENKO
D,,POZNANSKI
T,,PRADIER
R,R,PRADO
J,,PRASAD
J,,PRATT
G,,PRATTEN
V,,PREDOI
R,D,PREECE
S,J,PRENTICE
T,,PRESTEGARD
J,,PRETZ
L,R,PRICE
P,B,PRICE
M,,PRIJATELJ
G,,PRINCIPE
M,,PRINCIPE
T,A,PRITCHARD
P,,PRIVITERA
S,,PRIVITERA
J,X,PROCHASKA
G,A,PRODI
D,,PROKHOROV
L,G,PROKHOROV
H,,PROKOPH
M,,PROUZA
G,T,PRZYBYLSKI
L,,PULONE
M,L,PUMO
M,,PUNCH
O,,PUNCKEN
M,,PUNTURO
P,,PUPPO
H,,PYA
G,,P¨UHLHOFER
M,,P¨URRER
E,G,P´EREZ-P´EREZ
C,,P´EREZDELOSHEROS
C,,P´EREZDELPULGAR
G,E,P˘AV˘ALAS¸
H,,QI
J,L,QU
E,,QUATAERT
E,J,QUEL
S,,QUERCHFELD
R,,QUEREL
V,,QUETSCHKE
R,M,QUIMBY
L,,QUINN
S,,QUINN
E,A,QUINTERO
A,,QUIRRENBACH
R,,QUITZOW-JAMES
C,,QUI˜NONES
C,,RAAB
F,J,RAAB
S,,RAAB
D,S,RABELING
M,,RABUS
C,,RACCA
J,,RACUSIN
H,,RADKINS
P,,RAFFAI
S,,RAIN`O
S,,RAJA
W,,RAJA
C,,RAJAN
B,,RAJBHARI
M,,RAKHMANOV
M,,RAMEEZ
K,E,RAMIREZ
E,,RAMIREZ-RUIZ
A,,RAMOS-BUADES
R,,RAMOS-POLLAN
A,,RAM´IREZRIVERA
J,,RANA
A,R,RAO
P,,RAPAGNANI
A,,RAPPOLDI
A,,RAU
J,,RAUTENBERG
R,,RAUTH
D,,RAVIGNANI
K,,RAWLINS
V,,RAYMOND
A,,RAZZA
M,,RAZZANO
S,,RAZZAQUE
I,C,REA
J,,READ
R,,REBOLO
T,,REGIMBAU
L,,REI
D,E,REICHART
S,,REID
R,,REIMANN
A,,REIMER
O,,REIMER
D,H,REITZE
B,,RELETHFORD
M,,RELICH
W,,REN
Z,,REN
M,,RENAUD
V,,RENZI
T,,REPOSEUR
E,,RESCONI
A,,REST
S,D,REYES
T,,REYNOLDS
C,D,RHO
W,,RHODE
T,,RIBEIRO
F,,RICCI
R,,RICCI
S,,RICCIARINI
G,,RICCOBENE
M,,RICHMAN
P,M,RICKER
R,,RIDDEN-HARPER
J,,RIDKY
F,,RIEGER
S,,RIEGER
F,,RIEHN
S,,RIGHINI
L,,RIGUCCINI
MMA—LIGO-P-VK,,RILES
L,,RINCHIUSO
M,,RISSE
P,,RISTORI
C,,RIVI`ERE
V,,RIZI
M,,RIZZO
R,,RO
O,J,ROBERTS
N,A,ROBERTSON
S,,ROBERTSON
R,,ROBIE
F,,ROBINET
A,,ROCCHI
L,S,ROCHESTER
J,,RODI
W,,RODRIGUESDECARVALHO
H,,RODRIGUEZ
G,,RODRIGUEZFERNEZ
J,,RODRIGUEZROJO
E,,ROL
L,,ROLL
J,G,ROLLINS
V,J,ROMA
R,,ROMANO
C,L,ROMEL
A,K,ROMER
E,,ROMEROCOLMENERO
J,H,ROMIE
C,,ROMOLI
M,J,RONCORONI
M,,RONGEN
A,,ROODMAN
J,-P,ROQUES
D,,ROSA-GONZ´ALEZ
M,,ROSENBERG
S,,ROSETTI
D,,ROSI´NSKA
M,P,ROSS
A,,ROSSI
S,,ROSSWOG
M,,ROTH
C,,ROTT
E,,ROULET
A,C,ROVERO
S,,ROWAN
G,,ROWELL
A,,ROWLINSON
R,,ROY
B,,RUDAK
P,,RUEHL
P,,RUGGI
T,,RUHE
A,J,RUITER
E,,RUIZ-VELASCO
C,B,RULTEN
F,,RUSU
G,,RUTINS
K,,RYAN
K,A,RYBICKI
D,,RYCKBOSCH
E,S,RYKOFF
D,,RYSEWYK
L,,R¨ADEL
A,,R¨UDIGER
E,,R´IOS-LOPEZ
D,J,S
A,,SABA
G,,SABRINAMILIA
S,,SACHDEV
T,,SADECKI
L,,SADEGHIAN
E,M,SADLER
C,,SAFFE
S,J,SAFFI
A,,SAFTOIU
V,,SAHAKIAN
N,,SAI
S,,SAITO
T,,SAITO
Y,,SAITO
A,,SAKAMAKI
T,,SAKAMOTO
M,,SAKELLARIADOU
M,,SAKO
S,,SAKO
O,S,SALAFIA
F,,SALAMIDA
H,,SALAZAR
L,,SALCONI
M,,SALDA˜NA
M,,SALEEM
A,,SALEH
F,,SALEMI
F,,SALESAGREUS
G,,SALINA
L,,SALMON
I,,SALVADORI
R,,SALVATERRA
A,,SAMAJDAR
L,,SAMMUT
L,,SAMPEDRO
L,M,SAMPSON
I,,SAMTLEBEN
D,A,SANCHEZ
E,,SANCHEZ
E,J,SANCHEZ
L,E,SANCHEZ
P,,SANCHEZ-LUCAS
S,E,SANCHEZHERRERA
N,,SANCHIS-GUAL
M,,SANGUINETI
E,K,SANSOM
A,,SANTANGELO
M,,SANTER
E,,SANTOS
E,M,SANTOS
P,,SAPIENZA
F,,SARAZIN
S,,SARKAR
R,,SARMENTO
C,,SARMIENTO-CANO
M,,SASAKI
R,,SASAKI
B,,SASSOLAS
K,,SATALECKA
B,S,SATHYAPRAKASH
R,,SATO
P,R,SAULSON
M,,SAUSEDA
O,,SAUTER
R,L,SAVAGE
A,VONKIENLINV,SAVCHENKO
A,,SAWADSKY
P,M,SAZPARKINSON
B,,SBARUFATTI
V,,SBERG
R,A,SCALZO
V,,SCARPINE
P,,SCHADY
P,,SCHALE
M,,SCHAUER
M,,SCHEEL
V,,SCHERINI
J,,SCHEUER
H,,SCHIELER
M,,SCHIMP
R,,SCHINDLER
P,,SCHIPANI
D,J,SCHLEGEL
R,,SCHLICKEISER
P,,SCHLUNDER
B,P,SCHMIDT
D,,SCHMIDT
J,,SCHMIDT
P,,SCHMIDT
T,,SCHMIDT
R,,SCHNABEL
A,,SCHNEIDER
M,,SCHNEIDER
M,,SCHNEITER
W,,SCHOENELL
S,,SCHOENEN
R,,SCHOFIELD
O,,SCHOLTEN
H,,SCHOORLEMMER
P,,SCHOV´ANEK
E,,SCHREIBER
F,G,SCHR¨ODER
S,,SCHR¨ODER
S,L,SCHRØDER
M,,SCHUBNELL
D,,SCHUETTE
B,W,SCHULTE
M,E,SCHULTZ
A,,SCHULZ
S,,SCHULZE
J,,SCHUMACHER
L,,SCHUMACHER
B,F,SCHUTZ
S,G,SCHWALBE
U,,SCHWANKE
S,,SCHWEMMER
T,,SCHWEYER
A,,SCH¨ONBECK
S,,SCH¨ONEBERG
F,,SCH¨USSLER
S,J,SCIUTTO
D,,SCOLNIC
J,,SCOTT
S,M,SCOTT
L,F,SECCO
D,,SECKEL
M,,SEGLAR-ARROYO
A,,SEGRETO
E,,SEIDEL
I,R,SEITENZAHL
Y,,SEKIGUCHI
D,,SELLERS
J,,SELSING
A,S,SENGUPTA
D,,SENTENAC
V,,SEQUINO
A,,SERGEEV
YU,P,SERGIENKO
M,,SERINO
G,,SERRA
M,,SERRA-RICART
M,,SERRAU
J,R,SERS
M,,SETTIMO
S,,SEUNARINE
I,,SEVILLA-NOARBE
A,S,SEYFFERT
C,,SGR`O
D,A,SHADDOCK
A,,SHADKAM
T,J,SHAFFER
N,,SHAFI
A,A,SHAH
M,S,SHAHRIAR
M,B,SHANER
Z,,SHANG
R,M,SHANNON
L,,SHAO
B,,SHAPIRO
B,J,SHAPPEE
S,,SHARA
I,,SHARMA
R,G,SHARP
P,,SHAWHAN
E,,SHELDON
R,C,SHELLARD
A,,SHEPERD
M,,SHIDATSU
I,,SHILON
Y,,SHIMIZU
R,,SHIMOMUKAI
L,J,SHINGLES
K,,SHININGAYAMWE
D,H,SHOEMAKER
D,M,SHOEMAKER
M,R,SIEBERT
M,H,SIEGEL
C,,SIEGER
K,,SIELLEZ
X,,SIEMENS
M,,SIENIAWSKA
D,,SIGG
G,,SIGL
G,,SILLI
A,D,SILVA
S,A,SIM
J,D,SIMON
J,H,SIMONETTI
R,,SIMONI
L,P,SINGER
A,,SINGH
A,,SINGHAL
G,,SINNIS
A,M,SINTES
E,J,SISKIND
A,M,SLAGMOLEN
D,,SMARTT
O,M,SMIRNOV
A,J,SMITH
B,,SMITH
J,R,SMITH
K,W,SMITH
M,,SMITH
N,,SMITH
R,C,SMITH
G,R,SNOW
M,,SOARES-SANTOS
F,,SOBREIRA
L,,SODR´E
J,,SOEDINGREKSO
P,,SOFFITTA
M,,SOKOLOWSKI
H,,SOL
D,,SOLDIN
J,,SOLLERMAN
S,,SOMALA
P,,SOMMERS
E,J,SON
L,M,SONG
M,,SONG
J,A,SONNENBERG
S,,SONNTAG
B,,SORAZU
J,F,SORIANO
F,,SORRENTINO
T,,SOURADEEP
A,,SOVAL
F,,SPADA
F,,SPANIER
A,P,SPENCER
M,,SPERA
G,M,SPICZAK
C,,SPIERING
M,,SPIR-JACOB
G,,SPRE
R,W,SPRINGER
M,,SPURIO
R,,SQUARTINI
A,K,SRIVASTAVA
A,,SROCK
J,,SROOS
K,,STAATS
J,,STACHURSKA
J,,STAFF
M,,STAGNI
B,,STALDER
A,,STALEY
M,,STAMATIKOS
A,,STAMERRA
M,,STANBRO
D,,STANCA
T,,STANEV
S,,STANIˇC
E,R,STANWAY
M,,STARCK
J,,STARLING
J,,STASIELAK
A,,STASIK
P,,STASSI
Ł,,STAWARZ
A,,STEBBINS
A,,STEEGHS
I,,STEELE
K,,STEELE
R,,STEENKAMP
C,,STEGMANN
M,,STEINKE
J,,STEINLECHNER
S,,STEINLECHNER
D,,STEINMEYER
L,,STELLA
C,,STEPPA
J,,STETTNER
A,,STEUER
S,P,STEVENSON
A,J,STEWART
T,,STEZELBERGER
R,G,STOKSTAD
TH,,STOLARCZYK
M,,STOLPOVSKIY
R,,STONE
D,J,STOPS
F,,STRAFELLA
K,A,STRAIN
G,,STRATTA
A,,STREICH
S,E,STRIGIN
N,L,STROTJOHANN
A,,STRUNK
C,W,STUBBS
R,,STURANI
T,,STUTTARD
A,L,STUVER
A,,ST¨OSSL
F,,SUAREZ
M,,SUAREZ-DUR´AN
E,,SUCHYTA
T,,SUDHOLZ
Y,,SUGAWARA
S,,SUGITA
M,,SUGIZAKI
G,W,SULLIVAN
M,,SULLIVAN
T,,SUMI
T,Z,SUMMERSCALES
L,,SUN
T,,SUN
S,,SUNIL
N,B,SUNTZEFF
R,,SUNYAEV
T,,SUOMIJ¨ARVI
A,D,SUPANITSKY
P,,SURAJBALI
G,,SURCIS
J,,SURESH
I,,SUSHCH
D,J,SUSON
M,,SUTHERL
P,J,SUTTON
A,R,SVINKIN
J,,SWAIN
E,,SWANSON
B,L,SWINKELS
Z,,SZADKOWSKI
M,J,SZCZEPA´NCZYK
H,,SZEGEDI
A,,SZOMORU
T,,S¨ALZER
B,,S´ANCHEZ
F,,S´ANCHEZ
A,,S´ANCHEZ-LOSA
R,,S´’ANCHEZ-RAM´’IREZ
A,,TABOADA
I,,TABOADA
O,A,TABORDA
M,,TACCA
Y,,TACHIBANA
F,,TADDIA
G,,TAGLIAFERRI
S,C,TAIT
M,,TAIUTI
A,,TAJITSU
I,,TAKAHASHI
J,,TAKAHASHI
M,,TAKAHASHI
T,,TAKAHASHI
Y,,TAKAO
M,,TAKAYAMA
C,,TALBOT
D,,TALUKDER
T,,TAMURA
Y,,TAMURA
Y,,TAN
I,,TANAKA
M,,TANAKA
Y,,TANAKA
A,,TANIMOTO
D,B,TANNER
N,R,TANVIR
C,,TAO
L,,TAO
W,H,TAO
A,,TARACCHINI
G,,TARLE
L,,TARTAGLIA
J,D,TASSON
J,,TATAR
S,,TAUBENBERGER
M,,TAVANI
J,-P,TAVERNET
T,,TAVERNIER
Y,,TAYALATI
A,M,TAYLOR
G,B,TAYLOR
J,A,TAYLOR
R,,TAYLOR
J,C,TELLO
F,,TENHOLT
S,,TER-ANTONYAN
T,,TERAI
A,,TERLIUK
G,,TERRERAN
R,,TERRIER
S,,TERVEEN
V,,TESTA
S,V,TEWARI
G,,TEˇSI´C
J,B,THAYER
J,G,THAYER
T,,THEEG
P,,THIERRY
F,,THIES
E,G,THOMAS
M,,THOMAS
P,,THOMAS
R,C,THOMAS
D,J,THOMPSON
K,A,THORNE
K,S,THORNE
E,,THRANE
C,C,TH¨ONE
L,,TIBALDO
O,,TIBOLLA
S,,TILAV
C,,TIMMERMANS
S,J,TINGAY
S,,TIWARI
V,,TIWARI
D,,TIZIANI
A,G,TLATOV
M,,TLUCZYKONT
P,A,TOALE
M,N,TOBIN
C,J,TODEROPEIXOTO
A,,TOHUVAVOHU
K,V,TOKMAKOV
K,,TOL
K,,TOLLEFSON
K,,TOMA
L,,TOMANKOVA
L,,TOMASELLA
H,,TOMIDA
N,,TOMINAGA
B,,TOM´E
M,,TONELLI
E,K,TONRY
S,,TORII
Z,,TORNASI
M,,TORNATORE
G,,TORRALBAELIPE
D,F,TORRES
I,,TORRES
S,,TORRES-FLORES
A,,TORRES-FORN´E
E,,TORRESI
C,I,TORRIE
S,,TOSCANO
D,,TOSI
F,,TRAVASSO
P,,TRAVNICEK
G,,TRAYLOR
C,,TRICHARD
M,,TRIFOGLIO
J,,TRINASTIC
M,C,TRINGALI
M,,TRINI
P,J,TRISTRAM
A,,TROIS
A,KRAUSE,TROJA
E,,TROJA
C,M,TROTT
A,,TROVATO
M,A,TROXEL
L,,TROZZO
J,,TSAI
K,W,TSANG
M,,TSE
M,,TSELENGIDOU
M,,TSIROU
R,,TSO
Y,,TSUBOI
N,,TSUJI
L,,TSUKADA
D,,TSUNA
H,,TSUNEMI
A,E,TSVETKOVA
B,E,TUCKER
D,L,TUCKER
M,,TUEROS
R,,TUFFS
C,F,TUNG
Y,L,TUO
M,,TURATTO
A,,TURCATI
C,F,TURLEY
D,,TURPIN
D,,TUYENBAYEV
B,,TY
N,V,TYURINA
C,,T¨ONNIS
D,,T¨OYR¨A
M,,T´APAI
Y,,UCHIYAMA
Y,,UEDA
M,,UEMURA
K,,UENO
S,,UENO
D,,UGOLINI
T,N,UKWATTA
K,,ULACZYK
M,V,ULANOV
N,,ULLOA
R,,ULRICH
E,,UNGER
M,,UNGER
C,S,UNNIKRISHNAN
A,L,URBAN
M,,URBAN
A,,URSI
S,A,USMAN
M,,USNER
Y,,UTSUMI
A,J,V
A,M,V
C,,V
D,J,V
L,,V
M,,V
W,,V
V,,VACCA
H,,VAHLBRUCH
P,,VAISANEN
G,,VAJENTE
G,,VALDES
J,F,VALD´ESGALICIA
S,,VALENTI
I,,VALI˜NO
B,,VALLAGE
L,,VALORE
G,,VANAAR
N,,VANBAKEL
M,,VANBEUZEKOM
P,,VANBODEGOM
H,,VANEERTEN
N,,VANEIJNDHOVEN
C,,VANELDIK
V,,VANELEWYCK
H,,VANHAREN
J,V,VANHEIJNINGEN
S,,VANHEULE
C,,VANRENSBURG
J,,VANSANTEN
A,,VANSISTINE
B,,VANSOELEN
A,A,VANVEGGEL
A,,VANVLIET
M,,VARDARO
E,,VARELA
B,,VARGASC´ARDENAS
G,P,VARGIU
V,,VARMA
G,,VASILEIADIS
S,,VASS
S,,VASYLYEV
M,,VAS´UTH
D,,VEBERIˇC
A,,VECCHIO
G,,VEDOVATO
J,,VEH
M,,VEHRING
S,,VEILLEUX
J,,VEITCH
P,J,VEITCH
J,,VENBROUCKE
K,,VENKATESWARA
V,,VENKATRAMANKRISHNAN
C,,VENTER
T,M,VENTERS
C,,VENTURA
G,,VENUGOPALAN
D,C,VER-HYDE
P,,VERES
D,,VERGANI
S,D,VERGANI
I,D,VERGARAQUISPE
D,,VERKINDT
F,,VERRECCHIA
F,,VERSARI
V,,VERZI
F,,VETRANO
A,,VIANA
G,,VIANELLO
A,,VIBHUTE
A,,VICER´E
J,,VICHA
A,D,VIETS
V,,VIKRAM
V,A,VILLAR
L,,VILLASE˜NOR
P,,VINCENT
S,,VINCIGUERRA
D,J,VINE
J,-Y,VINET
J,,VINK
S,,VITALE
A,K,VIVAS
D,,VIVOLO
A,,VIZZOCA
V,V,VLADIMIROV
D,M,VLASENKO
T,,VO
H,,VOCCA
E,,VOGEL
F,,VOISIN
A,A,VOLNOVA
S,,VOROBIOV
C,,VORVICK
J,,VOS
M,,VRAEGHE
T,,VUILLAUME
S,P,VYATCHANIN
H,J,V¨OLK
R,A,V´AZQUEZ
A,R,WADE
L,E,WADE
M,,WADE
Z,,WADIASINGH
P,,WAGNER
R,M,WAGNER
S,J,WAGNER
H,,WAHLBERG
O,,WAINBERG
R,J,WAINSCOAT
C,,WALCK
R,,WALET
A,R,WALKER
M,,WALKER
A,,WALLACE
L,,WALLACE
M,,WALLRAFF
S,,WALSH
N,A,WALTON
D,,WALZ
G,,WANG
G,F,WANG
H,,WANG
H,Y,WANG
J,,WANG
J,Z,WANG
L,,WANG
W,H,WANG
W,S,WANG
X,,WANG
Y,F,WANG
Y,S,WANG
C,,WANGABEARDSLEY
R,L,WARD
J,,WARNER
M,,WAS
J,,WATCHI
C,,WATERS
A,A,WATSON
A,M,WATSON
D,,WATSON
R,,WAYTH
A,,WAZA
B,,WEAVER
C,,WEAVER
M,,WEBER
R,H,WECHSLER
L,-W,WEI
A,,WEINDL
M,,WEINERT
A,J,WEINSTEIN
T,,WEISGARBER
M,J,WEISS
R,,WEISS
J,,WELLER
L,,WEN
X,Y,WEN
C,,WENDT
J,,WERTHEBACH
E,K,WESSEL
P,,WESSELS
W,,WESTER
S,,WESTERHOFF
J,,WESTERWECK
T,,WESTPHAL
K,,WETTE
B,J,WHELAN
J,T,WHELAN
S,E,WHITCOMB
R,,WHITE
B,F,WHITING
C,,WHITTLE
K,,WIEBE
C,H,WIEBUSCH
M,,WIEDE´NSKI
L,,WIENCKE
M,H,WIERINGA
K,,WIERSEMA
A,,WIERZCHOLSKA
A,,WIJERS
H,,WILCZY´NSKI
D,,WILKEN
L,,WILLE
A,,WILLIAMS
D,,WILLIAMS
D,R,WILLIAMS
R,D,WILLIAMS
T,,WILLIAMS
W,,WILLIAMS
A,R,WILLIAMSON
J,L,WILLIS
B,,WILLKE
P,,WILLMANN
L,,WILLS
J,,WILMS
M,E,WILSON-HODGE
M,H,WIMMER
W,,WINKLER
C,C,WIPF
M,,WIRTZ
P,,WISEMAN
I,G,WISHER
H,,WITTEL
D,,WITTKOWSKI
N,,WKOWSKY
F,D,WLER
G,,WOAN
J,,WOEHLER
J,,WOFFORD
C,,WOLF
M,,WOLF
J,,WONG
J,,WOOD
T,R,WOOD
E,,WOOLSEY
J,,WORDEN
K,,WOSCHNAGG
P,A,WOUDT
D,,WOUTERS
D,E,WRIGHT
J,L,WRIGHT
G,,WROCHNA
B,B,WU
D,S,WU
M,,WU
X,,WU
B,,WUNDHEILER
Ł,,WYRZYKOWSKI
D,M,WYSOCKI
A,,W¨ORNLEIN
G,C,XIAO
S,,XIAO
S,L,XIONG
D,L,XU
H,,XU
X,W,XU
Y,,XU
Y,P,XU
S,,YAMADA
M,S,YAMAGUCHI
H,,YAMAMOTO
K,,YAMAOKA
M,,YAMAUCHI
L,,YAN
L,L,YAN
C,C,YANCEY
J,P,YANEZ
J,,YANG
J,W,YANG
L,,YANG
R,,YANG
S,,YANG
Y,J,YANG
B,,YANNY
M,J,YAP
T,,YAPICI
N,,YASUDA
F,,YATABE
Y,,YATSU
M,,YAZBACK
P,C,YOCK
G,,YODH
G,B,YODH
T,,YONEYAMA
Y,,YOON
C,WUA,YOSHIDA
M,,YOSHIDA
S,,YOSHIDA
D,R,YOUNG
P,W,YOUNK
P,-C,YU
T,,YUAN
X,,YUAN
V,V,YURKOV
A,,YUSHKOV
M,,YVERT
D,,ZABOROV
M,,ZACHARIAS
A,,ZADROZNY
A,,ZADRO˙ZNY
G,,ZAHARIJAS
M,,ZALTZMAN
R,,ZANIN
M,,ZANOLIN
M,,ZAREMBA
E,,ZAS
D,,ZAVRTANIK
M,,ZAVRTANIK
A,A,ZDZIARSKI
A,,ZECH
F,,ZEFI
T,,ZELENOVA
J,-P,ZENDRI
A,,ZENTENO
A,,ZEPEDA
M,,ZEVIN
A,M,ZHANG
B,-B,ZHANG
C,,ZHANG
C,L,ZHANG
C,M,ZHANG
F,,ZHANG
H,,ZHANG
H,M,ZHANG
J,,ZHANG
L,,ZHANG
M,,ZHANG
Q,,ZHANG
S,,ZHANG
S,N,ZHANG
T,,ZHANG
W,,ZHANG
W,C,ZHANG
W,Z,ZHANG
Y,,ZHANG
Y,-H,ZHANG
Y,F,ZHANG
Y,J,ZHANG
Z,,ZHANG
Z,L,ZHANG
C,,ZHAO
H,S,ZHAO
J,L,ZHAO
X,F,ZHAO
W,,ZHAO
S,J,ZHENG
H,,ZHOU
J,,ZHOU
M,,ZHOU
Z,,ZHOU
S,J,ZHU
X,J,ZHU
Y,,ZHU
Y,X,ZHU
Z,,ZHU
A,,ZIEGLER
A,B,ZIMMERMAN
B,,ZIMMERMANN
D,S,ZIMNUKHOV
M,,ZIOLKOWSKI
Z,,ZONG
J,,ZORN
J,D,ZORNOZA
F,,ZUCCARELLO
M,E,ZUCKER
R,,ˇSM´IDA
J,,ˇSUP´IK
